{"paper": [[100, 200, 300, 500, 750, 1000, 1500, 2000], [1.4602565380328572, 0.8681141440616018, 0.8843168726069495, 0.14405596423915634, 0.21347380374861968, 0.6659175732380227, 1.1999679729607684, 0.7665042484548631], [0.04559470583819833, 0.01941759177421731, 0.016323384348231326, 0.004759055700823269, 0.01993239555949011, 0.009714783851430642, 0.014612433078238026, 0.01235483200970758]], "T1": [[100, 200, 300, 500, 750, 1000, 1500, 2000], [1.6899174611749088, 1.7646545934245956, 1.5174540700835737, 1.1444338758017822, 1.5567577702124846, 1.5778589576797706, 2.0828136725368918, 1.6389152744983249], [0.05275221904264461, 0.014662670855019374, 0.010412764640576415, 0.0032491019495515354, 0.009412495943534833, 0.013839070904865953, 0.0901764477026118, 0.17998398152922918]]}